email|nombre|password
tristique.aliquet.Phasellus@Cum.ca|Giselle A. Cardenas|TAO58BQS0IM
lobortis@ipsumPhasellusvitae.com|Kendall B. Melton|LGO04QYH1RI
rhoncus.Nullam.velit@ametmassa.com|Camille Y. Whitehead|DCE01WZD5CS
Suspendisse.ac.metus@orcitincidunt.com|Libby Greer|HYH64XHY2LH
Duis.a.mi@nullamagna.edu|Jayme W. Burnett|GQR19XMR3KM
dictum.cursus.Nunc@diamluctus.net|Karina E. Hebert|AEK70VTV1VO
luctus.et.ultrices@enim.co.uk|Halla P. Rogers|IIE66JWS2TZ
Sed@nec.net|Seth O. Cobb|HQI76VFI1HS
amet.consectetuer@lorem.edu|Ursula O. Hardin|NEJ20LXI7VY
mauris.eu@Duis.com|Sybill V. Ramsey|EVO02VLX6TY
mauris.eu@Aeneanegestas.net|Ira L. Peters|MRA67OMA6MM
odio@Duisatlacus.co.uk|Aubrey B. Mann|GVV62UKL3AX
Nullam.feugiat.placerat@afacilisisnon.com|Adara C. Sheppard|UQO14SYV5PC
amet@eu.com|Ursula Nunez|CUG20IEV0VP
lacus.varius.et@elit.ca|Jocelyn Q. Harding|WIH26UYK9OJ
condimentum.eget@magnisdisparturient.ca|Destiny H. Frost|VVU84IFW1RH
porta@mollis.edu|Merrill Y. Wilkerson|TAQ37DDW4WI
nonummy.ut.molestie@amifringilla.co.uk|Benjamin Oconnor|QKY93UCY9VA
Pellentesque.ultricies@dolornonummyac.ca|Macon P. Sampson|SNJ49IUO1IA
enim@Curabiturvellectus.net|Shad Cleveland|KIJ19VAW3HT
facilisis@pharetra.ca|Coby Bond|OMM31TSF9PW
ut@in.com|Drew Frederick|WPR84ZIF3CL
nec@turpisAliquam.net|Stephen A. Madden|QDP06IIA8SU
semper.et.lacinia@Pellentesque.ca|Breanna A. Witt|AXG14FLJ8LY
neque.et.nunc@gravidasitamet.org|Meredith Melendez|CZW88CNM4ST
Donec.fringilla.Donec@commodo.com|Quentin Lawrence|CPR64KZN4ZS
Curabitur@facilisisfacilisismagna.org|Irma E. Guy|HHP18OYI0EQ
porttitor.interdum@Maurismagna.net|Wyoming Vaughan|BHF41AYV2XB
sagittis@CraspellentesqueSed.net|Alana H. Jacobs|NRI48YBC7NZ
massa.lobortis.ultrices@velfaucibus.ca|Tashya Salinas|JDT83AMP5EP
Donec@egestasAliquamfringilla.net|Ria W. Hill|GVU02UPH8JK
Donec@ornare.ca|Axel Russo|GZR19IDG6BP
ultricies.sem@risusNullaeget.edu|Hakeem Beasley|FNQ62REI4TK
Cras.eu@dictumeuplacerat.edu|Adena Austin|MAN09IPQ3RY
Duis.ac.arcu@aliquetsemut.ca|Kai K. Colon|ZJC73NTX7BE
sociis@Mauris.org|Cora Hensley|JWZ01KSJ2NP
in.aliquet@utnisia.com|Idola S. Aguilar|DOR72IRD4FS
ligula.Nullam@Cum.com|Justina Y. Flores|KSF80BQK9LW
aliquet.sem@congue.com|Justin N. Lopez|SLU15XST9GF
in@ametultricies.org|Reuben Christian|VLH61QNU0RS
est@fermentum.ca|Perry D. Hyde|GXZ93PYU8QM
mollis.nec.cursus@risusaultricies.net|Angelica D. Cunningham|KHN41VKA1BH
vestibulum.neque.sed@ipsumsodales.co.uk|Fay C. Maldonado|WQV24LHT3OP
ultrices.mauris@CraspellentesqueSed.net|Hayden G. Elliott|XBS77VGG8ZM
dapibus.rutrum.justo@laoreetlectusquis.org|Nell Mcdaniel|VAI78MZH2KJ
vitae.risus.Duis@Praesentluctus.com|Tyrone B. Swanson|RBJ85OJJ4XI
fermentum.risus.at@Suspendissealiquetmolestie.org|Colette Marsh|OFZ35BCS8SC
lacinia@pharetranibh.com|Ebony Blanchard|XNA08SKB6ID
Nunc.sollicitudin.commodo@mipede.org|Maggy Joseph|XJJ55SDZ4JD
luctus.aliquet@molestieSedid.edu|Brianna A. Noble|HUM30TPJ4EF
risus@vitae.net|Adam Shannon|VAO89DFV9LL
Aliquam.fringilla@venenatisvel.ca|Dai Nguyen|BWK29MQC8VR
scelerisque@ac.net|Charles Bailey|QFM71FUL3UR
erat.volutpat@Maurisblanditenim.net|Wanda Hunt|UYE23TGQ9YA
Donec.porttitor@semper.net|Maisie Salazar|KCI14LFX7CY
justo.nec@risusaultricies.net|Evangeline Juarez|PCE26HOB9SE
tempus.scelerisque@mauris.com|Alexandra Patterson|XDP52IWE4TO
penatibus.et@ipsumporta.org|Timothy O. Copeland|TKL62WUM9NC
id.magna.et@ametfaucibusut.co.uk|Winifred T. Cote|RWJ57QMW5FE
vel.venenatis.vel@nasceturridiculusmus.org|Leilani P. Greer|YLY60AEW1AE
rhoncus@sempertellusid.org|Alec N. Dorsey|CMM63CAS3PT
Aliquam@risus.net|Georgia Malone|UQX21XWX0OL
non.lacinia@tellusid.net|Kaitlin Christensen|IHI41VSE3SA
augue@imperdieterat.edu|Whilemina Hardin|CCD92VBU9SA
orci.lobortis.augue@orciadipiscing.co.uk|Erica W. Bennett|IWI07KZD9WZ
augue.ut@Aliquamadipiscinglobortis.org|Maile Sparks|QFU49FRF0GN
tristique.pharetra.Quisque@Nulla.com|April P. Morrison|VGO30DMQ6BS
nulla.ante.iaculis@felisullamcorperviverra.ca|Jelani Powers|BRX15BPG8BF
dui.in.sodales@massa.edu|Joshua R. Munoz|KUR41IAT2NG
tristique@sitamet.ca|Basia Hudson|HLO37IYB5ZT
sagittis@nullaanteiaculis.com|Rhea Bentley|FBX05LPX3RP
fringilla.euismod.enim@laoreetlectus.net|Keely Mullen|YZR76PMI9HE
mauris.a.nunc@tincidunt.ca|Adam Y. Rosales|DVR52WOU5WG
Nunc.mauris.Morbi@Integertinciduntaliquam.net|Kylie Sutton|PWP51GNZ8KD
molestie.tellus.Aenean@acmetus.ca|Blaine Page|BYH21HBX0KC
mauris.sapien@hendreritconsectetuer.com|Hanae M. Mendoza|SPW69MCS0PS
vel@accumsaninterdumlibero.com|Kirby U. English|BPB21PUN4YY
In@fermentumconvallisligula.com|Yetta Goff|GGU17TYE6VE
diam@afeugiattellus.edu|Stephanie R. Workman|LQZ57IKV8HX
turpis.vitae.purus@metuseuerat.com|Jorden H. Head|ZZP68LYP3ZT
massa@Morbi.net|Hedda Parker|EFL61YMD2UO
diam.Duis.mi@orci.com|Kai Cardenas|UJK96UIO8EA
dui.quis.accumsan@laoreet.co.uk|Deborah Yang|DIJ73DRN1DK
Nullam@lorem.ca|Eugenia Mcbride|YCD31TZQ5FK
Proin.dolor@purus.co.uk|Guy Lara|QZJ19UNC5GZ
neque.venenatis.lacus@molestietellusAenean.ca|Daryl D. Villarreal|HVP91GRM3XN
egestas.Aliquam@purus.net|Victoria Kemp|VFR97ILW2NA
feugiat.non.lobortis@a.com|Dai Nunez|KBT66MHL9TI
dolor@imperdiet.org|Aline Durham|QIJ72FJX4FC
pretium@quamvelsapien.co.uk|Walker T. Pena|ORX69RAA9OU
aliquet.Proin@faucibusutnulla.ca|Fitzgerald E. Pacheco|KMV39FVR8IN
pede@semper.net|Vaughan X. Gordon|KNK23UPO1FD
et.ultrices@non.ca|Isabella Miles|JNL66BZY0KW
suscipit.nonummy.Fusce@veliteusem.co.uk|Omar J. Forbes|MWU47ZFB4NR
Aliquam.vulputate@scelerisqueneque.com|Rinah R. Bentley|JOW52RAQ9XJ
at@ligulaNullam.co.uk|Mikayla C. Bruce|TOM46CDI1UV
facilisis.facilisis@aliquetdiamSed.net|Hermione A. Mcfadden|VHE78PMF5PH
gravida.nunc.sed@ut.edu|Jessica Crane|BZG68JQZ3NF
rutrum.urna.nec@Vivamussit.org|Elaine L. York|IVL27QNL1VQ
orci@erateget.ca|Tarik S. Moreno|NNG79JNL1XG